"date_utc","timestamp","title","text","subreddit","comments","url"
"2025-02-16",1739750019,"Bill to ban mRNA vaccines passes out of House committee","","politics",2239,"https://www.reddit.com/r/politics/comments/1ir6c53/bill_to_ban_mrna_vaccines_passes_out_of_house/"
"2025-02-22",1740192813,"RFK Jr. promptly cancels vaccine advisory meeting, pulls flu shot campaign","","politics",801,"https://www.reddit.com/r/politics/comments/1iv8tnp/rfk_jr_promptly_cancels_vaccine_advisory_meeting/"
"2025-03-03",1740985248,"RFK Jr. urges people to get vaccinated amid deadly Texas outbreak","","politics",745,"https://www.reddit.com/r/politics/comments/1j2cww2/rfk_jr_urges_people_to_get_vaccinated_amid_deadly/"
"2025-02-21",1740160397,"Republican Senator Ripped for Promoting Measles Vaccine Amid Texas Outbreak After RFK Confirmation: 'Unfortunately You Voted for an Anti-Vaxxer'","","politics",118,"https://www.reddit.com/r/politics/comments/1iux1fc/republican_senator_ripped_for_promoting_measles/"
"2025-02-16",1739716949,"Republican senator who voted for RFK Jr balks at Louisiana anti-vaccine move","","politics",202,"https://www.reddit.com/r/politics/comments/1iqtm7v/republican_senator_who_voted_for_rfk_jr_balks_at/"
"2025-02-26",1740535403,"If RFK Jr. fights vaccines now, Texas' measles outbreak will end him | Opinion  Either RFK Jr. uses the measles vaccine to save lives in west Texas, or the reality of the outbreak there will level him.","","politics",168,"https://www.reddit.com/r/politics/comments/1iycgbe/if_rfk_jr_fights_vaccines_now_texas_measles/"
"2025-03-12",1741793607,"RFK Jr. Reminds Everyone Hes Not a Huge Fan of Vaccines in Bonkers Fox Interview","","politics",81,"https://www.reddit.com/r/politics/comments/1j9mrje/rfk_jr_reminds_everyone_hes_not_a_huge_fan_of/"
"2025-02-16",1739739795,"Flu cases surge to highest levels since 2009 as vaccine rates lag","","politics",42,"https://www.reddit.com/r/politics/comments/1ir2izy/flu_cases_surge_to_highest_levels_since_2009_as/"
"2025-02-27",1740671446,"FDA Cancels Critical Flu Vaccine Meeting With No Explanation","","politics",58,"https://www.reddit.com/r/politics/comments/1izivts/fda_cancels_critical_flu_vaccine_meeting_with_no/"
"2025-02-26",1740584149,"As Texas measles outbreak grows, parents are choosing to vaccinate kids","","politics",96,"https://www.reddit.com/r/politics/comments/1iyq9el/as_texas_measles_outbreak_grows_parents_are/"
"2025-02-18",1739920864,"Robert F. Kennedy Jr. reverses course on childhood vaccine schedule","","politics",110,"https://www.reddit.com/r/politics/comments/1isqg44/robert_f_kennedy_jr_reverses_course_on_childhood/"
"2025-02-27",1740682236,"RFK Jr. Takes a Sledgehammer to Two Major Vaccine Developments","","politics",67,"https://www.reddit.com/r/politics/comments/1izn9tr/rfk_jr_takes_a_sledgehammer_to_two_major_vaccine/"
"2025-02-18",1739920559,"Kennedy says panel will examine childhood vaccine schedule after promising not to change it","","politics",51,"https://www.reddit.com/r/politics/comments/1isqbjy/kennedy_says_panel_will_examine_childhood_vaccine/"
"2025-03-18",1742260117,"Report: mRNA vaccines are in RFK Jrs crosshairs; funding in question | ""Kennedys war on vaccines has started,"" one researcher said.","","politics",62,"https://www.reddit.com/r/politics/comments/1jdt8pv/report_mrna_vaccines_are_in_rfk_jrs_crosshairs/"
"2025-02-26",1740609890,"Trump Team Weighs Pulling Funding for Moderna Bird Flu Vaccine","","politics",58,"https://www.reddit.com/r/politics/comments/1iz0lsa/trump_team_weighs_pulling_funding_for_moderna/"
"2025-02-27",1740621642,"Vaccine meeting to prepare for coming winters flu season canceled","","politics",48,"https://www.reddit.com/r/politics/comments/1iz4qe5/vaccine_meeting_to_prepare_for_coming_winters_flu/"
"2025-02-27",1740660649,"RFK Jr.s FDA Abruptly Cancels Flu Vaccine Meeting With No Explanation","","politics",42,"https://www.reddit.com/r/politics/comments/1izezrx/rfk_jrs_fda_abruptly_cancels_flu_vaccine_meeting/"
"2025-02-27",1740624653,"FDA cancels vaccine advisory meeting for choosing flu strains for next seasons shots","","politics",45,"https://www.reddit.com/r/politics/comments/1iz5phf/fda_cancels_vaccine_advisory_meeting_for_choosing/"
"2025-03-09",1741554480,"RFK Jr. could further deter childhood vaccinations as rates fall in the U.S.","","politics",41,"https://www.reddit.com/r/politics/comments/1j7hq49/rfk_jr_could_further_deter_childhood_vaccinations/"
"2025-02-27",1740647786,"Trump Team Weighs Pulling Funding for Moderna Bird Flu Vaccine","","politics",27,"https://www.reddit.com/r/politics/comments/1izbr49/trump_team_weighs_pulling_funding_for_moderna/"
"2025-03-03",1741011426,"Vaccine critic RFK Jr. backs measles vaccine amid deadly Texas outbreak","","politics",67,"https://www.reddit.com/r/politics/comments/1j2jmfy/vaccine_critic_rfk_jr_backs_measles_vaccine_amid/"
"2025-02-25",1740522614,"Anti-vaccine movement falsely blames measles shots for Texas outbreak","","politics",73,"https://www.reddit.com/r/politics/comments/1iy7uy7/antivaccine_movement_falsely_blames_measles_shots/"
"2025-03-01",1740866015,"F.D.A. Cancels Meeting of Vaccine Experts Scheduled to Advise on Flu Shots","","politics",13,"https://www.reddit.com/r/politics/comments/1j1atkw/fda_cancels_meeting_of_vaccine_experts_scheduled/"
"2025-02-20",1740066292,"Trump administration yanks CDC flu vaccine campaign","","politics",22,"https://www.reddit.com/r/politics/comments/1iu1h3u/trump_administration_yanks_cdc_flu_vaccine/"
"2025-03-08",1741392229,"CDC plans study on vaccines and autism despite research showing no link","","politics",25,"https://www.reddit.com/r/politics/comments/1j64848/cdc_plans_study_on_vaccines_and_autism_despite/"
"2025-02-18",1739914542,"RFK Jr. tells staff he will 'investigate' childhood vaccine schedule, anti-depression drugs","","politics",56,"https://www.reddit.com/r/politics/comments/1isofys/rfk_jr_tells_staff_he_will_investigate_childhood/"
"2025-03-05",1741205321,"Marines and soldiers discharged for refusing the COVID-19 vaccine show limited interest in rejoining","","politics",17,"https://www.reddit.com/r/politics/comments/1j4cjny/marines_and_soldiers_discharged_for_refusing_the/"
"2025-02-27",1740628375,"F.D.A. Cancels Meeting of Vaccine Experts Scheduled to Advise on Flu Shots","","politics",14,"https://www.reddit.com/r/politics/comments/1iz6vwd/fda_cancels_meeting_of_vaccine_experts_scheduled/"
"2025-02-27",1740626322,"FDA cancels pivotal advisory meeting about next season's flu vaccine","","politics",18,"https://www.reddit.com/r/politics/comments/1iz6961/fda_cancels_pivotal_advisory_meeting_about_next/"
"2025-02-20",1740074884,"A CDC vaccine committee meeting, the first of Kennedy's tenure at HHS, has been postponed","","politics",14,"https://www.reddit.com/r/politics/comments/1iu508e/a_cdc_vaccine_committee_meeting_the_first_of/"
"2025-02-20",1740067367,"U.S. hasn't sent essential seasonal flu data to WHO ahead of key vaccine meeting","","politics",6,"https://www.reddit.com/r/politics/comments/1iu1wrz/us_hasnt_sent_essential_seasonal_flu_data_to_who/"
"2025-02-27",1740660976,"Trump Team Weighs Pulling Funds for Moderna Bird Flu Vaccine","","politics",17,"https://www.reddit.com/r/politics/comments/1izf3ap/trump_team_weighs_pulling_funds_for_moderna_bird/"
"2025-03-08",1741394795,"HHS said to have asked CDC to study vaccines and autism, despite robust evidence showing no link","","politics",30,"https://www.reddit.com/r/politics/comments/1j653ch/hhs_said_to_have_asked_cdc_to_study_vaccines_and/"
"2025-03-14",1741965489,"RFK Jr. Says Vaccinating Birds Against Avian Flu Will Create Mutation Factories","","politics",65,"https://www.reddit.com/r/politics/comments/1jb6bp6/rfk_jr_says_vaccinating_birds_against_avian_flu/"
"2025-03-05",1741209400,"Instead of vaccines, RFK Jr. focuses on unconventional measles treatments, driving worries about misinformation","","politics",21,"https://www.reddit.com/r/politics/comments/1j4e8g6/instead_of_vaccines_rfk_jr_focuses_on/"
"2025-02-20",1740042302,"Louisiana Health Department Says It Will Stop Promoting Mass Vaccination","","politics",26,"https://www.reddit.com/r/politics/comments/1itube0/louisiana_health_department_says_it_will_stop/"
"2025-03-03",1741011117,"As measles outbreak grows, HHS secretary says vaccination is a personal decision that can protect individuals and communities","","politics",39,"https://www.reddit.com/r/politics/comments/1j2jinb/as_measles_outbreak_grows_hhs_secretary_says/"
"2025-02-28",1740760449,"Vaccination rates are declining. They might get worse as states relax rules. | More states are loosening vaccine mandates and scaling back campaigns to get people immunized.","","politics",25,"https://www.reddit.com/r/politics/comments/1j0bv6a/vaccination_rates_are_declining_they_might_get/"
"2025-02-21",1740107854,"First CDC vaccine meeting under Trump administration is postponed","","politics",8,"https://www.reddit.com/r/politics/comments/1iuh4zf/first_cdc_vaccine_meeting_under_trump/"
"2025-03-11",1741736657,"NIH Cancels Existing Grants for Vaccine Hesitancy and Limits Future Research","","politics",7,"https://www.reddit.com/r/politics/comments/1j95b7s/nih_cancels_existing_grants_for_vaccine_hesitancy/"
"2025-03-04",1741106958,"RFK asks parents to consider MMR vaccine with Texas measles outbreak","","politics",34,"https://www.reddit.com/r/politics/comments/1j3f8rt/rfk_asks_parents_to_consider_mmr_vaccine_with/"
"2025-03-14",1741944884,"Trump administration withdraws nomination of vaccine critic David Weldon for CDC director","","politics",6,"https://www.reddit.com/r/politics/comments/1jb012r/trump_administration_withdraws_nomination_of/"
"2025-03-03",1741024541,"HHS review of a vaccine contract sparks worries about preparedness for a potential bird flu pandemic","","politics",7,"https://www.reddit.com/r/politics/comments/1j2orlp/hhs_review_of_a_vaccine_contract_sparks_worries/"
"2025-02-20",1740089808,"HHS orders CDC to halt some vaccine ads, saying RFK Jr. wants message focused on informed consent","","politics",11,"https://www.reddit.com/r/politics/comments/1iub2et/hhs_orders_cdc_to_halt_some_vaccine_ads_saying/"
"2025-03-04",1741100864,"West Texans, Mennonites at center of measles outbreak choose medical freedom over vaccine mandates","","politics",17,"https://www.reddit.com/r/politics/comments/1j3cua8/west_texans_mennonites_at_center_of_measles/"
"2025-03-07",1741364978,"U.S. CDC plans study into vaccines and autism, sources say","","politics",55,"https://www.reddit.com/r/politics/comments/1j5snex/us_cdc_plans_study_into_vaccines_and_autism/"
"2025-03-06",1741258949,"States push fight against mRNA vaccines","","politics",14,"https://www.reddit.com/r/politics/comments/1j4t0og/states_push_fight_against_mrna_vaccines/"
"2025-03-06",1741300655,"Trump FDA nominee turns vaccine question on Dem, recalling controversial Biden decision","","politics",12,"https://www.reddit.com/r/politics/comments/1j589an/trump_fda_nominee_turns_vaccine_question_on_dem/"
"2025-02-28",1740760449,"Vaccination rates are declining. They might get worse as states relax rules. | More states are loosening vaccine mandates and scaling back campaigns to get people immunized.","","politics",25,"https://www.reddit.com/r/politics/comments/1j0bv6a/vaccination_rates_are_declining_they_might_get/"
"2025-03-04",1741100864,"West Texans, Mennonites at center of measles outbreak choose medical freedom over vaccine mandates","","politics",17,"https://www.reddit.com/r/politics/comments/1j3cua8/west_texans_mennonites_at_center_of_measles/"
"2025-02-22",1740192813,"RFK Jr. promptly cancels vaccine advisory meeting, pulls flu shot campaign","","politics",801,"https://www.reddit.com/r/politics/comments/1iv8tnp/rfk_jr_promptly_cancels_vaccine_advisory_meeting/"
"2025-02-27",1740624653,"FDA cancels vaccine advisory meeting for choosing flu strains for next seasons shots","","politics",45,"https://www.reddit.com/r/politics/comments/1iz5phf/fda_cancels_vaccine_advisory_meeting_for_choosing/"
"2025-02-27",1740646917,"FDA cancels meeting to select flu strains for next season's shots","","politics",45,"https://www.reddit.com/r/politics/comments/1izbk8h/fda_cancels_meeting_to_select_flu_strains_for/"
"2025-03-01",1740866015,"F.D.A. Cancels Meeting of Vaccine Experts Scheduled to Advise on Flu Shots","","politics",13,"https://www.reddit.com/r/politics/comments/1j1atkw/fda_cancels_meeting_of_vaccine_experts_scheduled/"
"2025-02-27",1740669463,"Trump administration cancels meeting on flu shots, fueling anti-vax concerns","","politics",8,"https://www.reddit.com/r/politics/comments/1izi3m1/trump_administration_cancels_meeting_on_flu_shots/"
"2025-02-27",1740628375,"F.D.A. Cancels Meeting of Vaccine Experts Scheduled to Advise on Flu Shots","","politics",14,"https://www.reddit.com/r/politics/comments/1iz6vwd/fda_cancels_meeting_of_vaccine_experts_scheduled/"
"2025-02-27",1740694718,"Could flu shot supply fall short this year? FDA's canceled meeting sparks worries","","politics",18,"https://www.reddit.com/r/politics/comments/1izs69h/could_flu_shot_supply_fall_short_this_year_fdas/"
"2025-02-18",1739920864,"Robert F. Kennedy Jr. reverses course on childhood vaccine schedule","","politics",110,"https://www.reddit.com/r/politics/comments/1isqg44/robert_f_kennedy_jr_reverses_course_on_childhood/"
"2025-02-18",1739920559,"Kennedy says panel will examine childhood vaccine schedule after promising not to change it","","politics",51,"https://www.reddit.com/r/politics/comments/1isqbjy/kennedy_says_panel_will_examine_childhood_vaccine/"
"2025-03-09",1741554480,"RFK Jr. could further deter childhood vaccinations as rates fall in the U.S.","","politics",41,"https://www.reddit.com/r/politics/comments/1j7hq49/rfk_jr_could_further_deter_childhood_vaccinations/"
"2025-02-18",1739914542,"RFK Jr. tells staff he will 'investigate' childhood vaccine schedule, anti-depression drugs","","politics",56,"https://www.reddit.com/r/politics/comments/1isofys/rfk_jr_tells_staff_he_will_investigate_childhood/"
"2025-03-05",1741205321,"Marines and soldiers discharged for refusing the COVID-19 vaccine show limited interest in rejoining","","politics",17,"https://www.reddit.com/r/politics/comments/1j4cjny/marines_and_soldiers_discharged_for_refusing_the/"
"2025-03-04",1741106958,"RFK asks parents to consider MMR vaccine with Texas measles outbreak","","politics",34,"https://www.reddit.com/r/politics/comments/1j3f8rt/rfk_asks_parents_to_consider_mmr_vaccine_with/"
"2025-02-21",1740160397,"Republican Senator Ripped for Promoting Measles Vaccine Amid Texas Outbreak After RFK Confirmation: 'Unfortunately You Voted for an Anti-Vaxxer'","","politics",118,"https://www.reddit.com/r/politics/comments/1iux1fc/republican_senator_ripped_for_promoting_measles/"
"2025-02-16",1739716949,"Republican senator who voted for RFK Jr balks at Louisiana anti-vaccine move","","politics",202,"https://www.reddit.com/r/politics/comments/1iqtm7v/republican_senator_who_voted_for_rfk_jr_balks_at/"
"2025-02-25",1740522614,"Anti-vaccine movement falsely blames measles shots for Texas outbreak","","politics",73,"https://www.reddit.com/r/politics/comments/1iy7uy7/antivaccine_movement_falsely_blames_measles_shots/"
"2025-02-18",1739914542,"RFK Jr. tells staff he will 'investigate' childhood vaccine schedule, anti-depression drugs","","politics",56,"https://www.reddit.com/r/politics/comments/1isofys/rfk_jr_tells_staff_he_will_investigate_childhood/"
